{
  "crs": "EPSG:3857",
  "extent": {
    "minX": 8182708.458234415,
    "minY": 378708.4985497568,
    "maxX": 15038596.97405656,
    "maxY": 7087591.621023388
  },
  "origin": {
    "x": 8182708.458234415,
    "y": 7087591.621023388
  },
  "size": {
    "width": 13618,
    "height": 13326
  },
  "pixelSize": {
    "x": 503.44312790587054,
    "y": -503.44312790587054
  }
}
